{
  "train_roc_auc": 1.0,
  "train_f1_score": 0.997080291970803,
  "train_precision": 0.9941775836972343,
  "train_recall": 1.0,
  "test_roc_auc": 0.9472157144781403,
  "test_f1_score": 0.7235023041474654,
  "test_precision": 0.8820224719101124,
  "test_recall": 0.61328125,
  "test_accuracy": 0.988
}